id,title,category,style,price,stock,sales_count,is_on_sale,tags
1003,Loosegear 短袖,上衣,正式,38.0,107,7648,1,"显瘦,宽松,纯色"
1004,Loosegear 短袖 款式：0084-BLK 尺码：L,上衣,复古,468.75,281,6063,1,"显瘦,宽松,百搭"
1005,Under Armour 男士 HeatGear®压缩短袖 T 恤,上衣,森系,444.98,134,7892,1,"显瘦,宽松,纯色"
1006,玛格丽·麦克达菲·惠特利饰演,配饰,运动,17.95,296,3206,1,"百搭,时尚,小众"
1007,Muk Luks 女式斯堪的纳维亚多绒球流苏头盔，象牙色/冬绿色，一种尺寸,配饰,休闲,389.17,53,2987,1,"百搭,小众,精致"
1008,NCAA 世界之巅俄克拉荷马快进队青年深红色基本徽标 1 合身帽子,上衣,运动,10.91,42,1150,1,"纯色,显瘦,宽松"
1009,摄影手套 - 中号,配饰,休闲,256.16,187,1649,1,"小众,精致,时尚"
1010,Underarmour Loosegear 无袖,上衣,运动,426.26,203,2440,1,"百搭,宽松,纯色"
1011,导向装置&reg;高 9 盎司。麂皮衬衫，酒色，XLT,上衣,简约,547.62,39,5571,1,"纯色,百搭,宽松"
1012,GUID GEAR 麂皮衬衫，酒红色，LG,上衣,森系,160.87,219,1837,1,"显瘦,百搭,宽松"
1013,比米尼湾激流帽 卡其色、卡其色、M/L,配饰,复古,536.59,61,6980,1,"时尚,小众,百搭"
1014,Danskin 女式 Plus Supplex 莱卡工字背文胸上衣，白色，1 件,上衣,运动,402.47,289,4781,1,"宽松,纯色,百搭"
1015,Danskin 女式棉质七分裤，希瑟灰色混凝土，中号,裤子,街头,66.92,282,2712,1,"显瘦,修身,高腰"
1016,Danskin 女式 Supplex 及踝打底裤,裤子,街头,568.47,20,753,1,"修身,显瘦,高腰"
1017,Danskin 女式 Supplex 七分裤,裤子,正式,216.58,133,1934,1,"显瘦,休闲,高腰"
1018,Danskin 女式 Supplex 及踝打底裤,裤子,复古,399.77,139,7299,1,"显瘦,修身,高腰"
1019,Danskin 女式 Supplex 七分裤,裤子,时尚,163.58,172,5936,1,"休闲,显瘦,高腰"
1020,Danskin 女式大码棉质打底裤，黑色，1x,裤子,正式,357.97,111,83,1,"显瘦,休闲,高腰"
1021,Danskin 女式 Supplex 七分裤,裤子,正式,591.55,157,7077,1,"修身,高腰,显瘦"
1022,Danskin 女式 Supplex 及踝打底裤,裤子,简约,442.13,118,6039,1,"高腰,修身,休闲"
1023,Danskin 女式大码 Supplex 卡普里紧身裤，黑色，3 件,裤子,潮流,86.1,199,208,1,"休闲,显瘦,修身"
1024,Sister Strikers 保龄球衬衫 (BSHPBSST) 大号粉色-黑色,上衣,街头,260.38,85,5574,1,"显瘦,宽松,纯色"
1025,保龄球衬衫经典,上衣,潮流,17.95,82,5377,1,"纯色,宽松,显瘦"
1026,Vito's Loan Company 保龄球衬衫 黑色 &amp; 黑色白色经典,上衣,休闲,548.56,296,1185,1,"纯色,宽松,显瘦"
1027,Orvis 男士水牛镍腰带,配饰,正式,79.0,283,2913,1,"百搭,时尚,精致"
1028,床单沙滩裤,裤子,运动,33.0,215,5553,1,"修身,显瘦,休闲"
1029,霍桑射击手套,配饰,森系,79.0,111,7325,1,"时尚,百搭,精致"
1030,Danskin 女童 2-6X 套穿裙，白色，幼儿/小号,裙子,休闲,237.43,18,7585,1,"仙气,优雅,显瘦"
1031,Danskin 女式拼色背心，紫红色，大号,上衣,正式,536.04,10,7660,1,"显瘦,百搭,宽松"
1032,Danskin 女式 Performance 1/4 拉链小高领，紫红色，中号,上衣,时尚,278.28,43,7449,1,"百搭,纯色,宽松"
1033,Danskin 女式 Empire Flow 背心,上衣,休闲,27.2,266,7463,1,"显瘦,宽松,纯色"
1034,Danskin 女式 Marrakesh Kick 卡普里岛，蒸气灰褐色，大号,裤子,休闲,275.31,29,5735,1,"修身,高腰,显瘦"
1035,Pro Line 男士橡胶舒适防水臀裤,鞋子,休闲,511.95,36,4666,1,"透气,舒适,时尚"
1036,NFL 端区翻边针织帽 - K010Z，绿湾包装工队，均码适合所有人,配饰,休闲,17.49,249,583,1,"时尚,精致,小众"
1037,Woodlore 鞋履护理代客入门套件 I,鞋子,森系,60.0,221,5313,1,"时尚,百搭,透气"
1038,NFL 端区翻边针织帽 - K010Z，奥克兰突袭者队，均码适合所有人,配饰,正式,201.51,227,1303,1,"小众,精致,百搭"
1039,NFL 端区翻边针织帽 - K010Z，亚特兰大猎鹰队，均码,配饰,复古,16.49,42,7974,1,"精致,小众,时尚"
1040,NFL 端区翻边针织帽 - K010Z，田纳西泰坦队，均码适合所有人,配饰,时尚,17.29,218,4915,1,"小众,时尚,百搭"
1041,NFL 端区翻边针织帽 - K010Z，迈阿密海豚队，均码适合所有人,配饰,简约,570.31,81,3571,1,"时尚,小众,百搭"
1042,小联盟棒球阿尔伯克基同位素 T 恤（成人大号）,上衣,森系,347.61,63,4352,1,"纯色,百搭,宽松"
1043,Danskin 女式棉质打底裤，黑色，中号,裤子,正式,557.72,141,4149,1,"显瘦,修身,休闲"
1044,Danskin 女式棉质打底裤，黑色，大码,裤子,休闲,293.52,93,502,1,"修身,高腰,休闲"
1045,Mizuno Breath Thermo Run 手套，黑色，中号,配饰,森系,585.74,82,3579,1,"时尚,小众,精致"
1046,Mizuno Breath Thermo Run 手套，黑色，大号,配饰,复古,176.03,51,4540,1,"时尚,百搭,小众"
1047,Reebok 休斯顿德州人队 2003 年边线 T 恤（成人 XL 码）,上衣,潮流,217.87,237,3369,1,"纯色,宽松,百搭"
1048,曲棍球运动衫 - Anaheim Mighty Ducks 运动衫（成人 XX-L 码）,上衣,简约,61.2,82,7192,1,"宽松,百搭,纯色"
1049,波士顿红袜队夏威夷衬衫（成人 XX L 码）,上衣,时尚,200.96,214,966,1,"显瘦,宽松,百搭"
1050,棒球 T 恤 - 亚特兰大勇士队 #10 Chipper Jones T 恤（青年小号）,上衣,森系,576.3,299,715,1,"宽松,百搭,纯色"
1051,曲棍球 T 恤 - 纽约游骑兵队 T 恤（成人大码）,上衣,森系,61.77,28,2789,1,"纯色,显瘦,宽松"
1052,曲棍球 T 恤 - 费城飞人队 T 恤（成人中号）,上衣,简约,136.51,148,182,1,"纯色,百搭,显瘦"
1053,Jerzees 男式肌肉衬衫 T 恤 - 棉质射手 T 恤,上衣,正式,94.4,288,1355,1,"宽松,百搭,显瘦"
1054,匹兹堡钢人队触地得分 T 恤 - XX-L 码,上衣,运动,533.48,36,3852,1,"百搭,纯色,宽松"
1055,纽约喷气机队 Touchdown T 恤 - XX-L 码,上衣,街头,337.6,26,2739,1,"宽松,百搭,纯色"
1056,布法罗比尔队触地得分 T 恤 - 中号,上衣,复古,130.65,167,2653,1,"宽松,显瘦,百搭"
1057,西雅图海鹰队触地得分 T 恤 - XL 号,上衣,街头,593.81,112,5693,1,"宽松,纯色,百搭"
1058,纽约洋基队 Cooperstown 连帽抓绒运动衫（成人 XX-L 码）,上衣,运动,138.2,289,3739,1,"显瘦,百搭,纯色"
1059,圣路易斯红雀队库珀斯顿连帽抓绒运动衫（成人大码）,上衣,休闲,574.24,246,7154,1,"宽松,百搭,纯色"
1060,纽约大都会队 Cooperstown 连帽抓绒运动衫（成人 XX-L 码）,上衣,时尚,376.58,234,5413,1,"纯色,百搭,宽松"
1061,5.11 TAC 长裤 OD 54 UNH,裤子,简约,507.85,243,3850,1,"休闲,高腰,显瘦"
1062,5.11 TAC 长裤 KHK 36X30,裤子,运动,345.56,252,5133,1,"修身,休闲,显瘦"
1063,SportHill 男士 Voyage 长裤,裤子,街头,69.95,137,3218,1,"高腰,休闲,修身"
1064,5.11 TAC 衬衫短袖/短码 OD M,上衣,复古,78.64,65,2397,1,"百搭,显瘦,宽松"
1065,奥克兰运动家库珀斯敦连帽抓绒运动衫（成人 XX-L 码）,上衣,复古,155.09,300,6898,1,"宽松,百搭,纯色"
1066,烟山儿童豆科灌木西部靴,鞋子,正式,399.43,299,3872,1,"舒适,百搭,透气"
1067,男士 Advantage 夹克 棕色 黑色 2XL,外套,时尚,428.11,81,5956,1,"保暖,显瘦,时尚"
1068,Dickies 男士短袖工作衬衫,上衣,正式,494.79,35,7557,1,"纯色,宽松,显瘦"
1069,Dickies 男士大高长袖工作衬衫,上衣,正式,492.16,175,6960,1,"纯色,显瘦,宽松"
1070,Dickies 男士短袖工作衬衫,上衣,复古,412.09,38,3742,1,"显瘦,百搭,宽松"
1071,Dickies 男士短袖工作衬衫,上衣,简约,522.26,233,965,1,"宽松,纯色,百搭"
1072,Dickies 男士短袖工作衬衫,上衣,森系,508.5,229,421,1,"显瘦,宽松,百搭"
1073,Dickies 男士短袖工作衬衫,上衣,简约,98.68,23,35,1,"宽松,显瘦,百搭"
1074,保暖内衣/保暖内衣、汗衫和下裤,上衣,森系,346.46,155,6126,1,"百搭,纯色,宽松"
1075,“儿童系列” Charles River Apparel 男童奥林匹克热身裤,裤子,简约,402.75,38,3594,1,"休闲,显瘦,高腰"
1076,男士盔甲® Under Armour 中号 Carbon Heather 羊毛性能长裤,裤子,简约,201.24,252,7515,1,"休闲,显瘦,高腰"
1077,8285 林地迷彩低矮帽,配饰,休闲,7.49,54,2905,1,"百搭,小众,时尚"
1078,UNDER ARMOUR 男士骷髅帽（均码）,配饰,时尚,14.99,45,3268,1,"时尚,精致,小众"
1079,男女通用 Metro 抓绒套头衫 SAGE 3XL,上衣,简约,81.78,87,674,1,"显瘦,宽松,纯色"
1080,超轻“冷色调”遮阳板，蓝色，均码,配饰,森系,19.99,290,1708,1,"时尚,百搭,精致"
1081,超轻“冷色调”遮阳板，白色，均码,配饰,复古,315.18,74,7194,1,"百搭,时尚,小众"
1082,超轻“冷色调”遮阳板,配饰,时尚,12.99,232,5192,1,"时尚,精致,百搭"
1084,女式背心 - 罗纹细肩带，Woodland Camo by Rothco,上衣,潮流,165.51,173,7267,1,"百搭,显瘦,宽松"
1085,儿童海军蓝短外套 MED,外套,复古,76.99,158,1155,1,"显瘦,保暖,时尚"
1086,Ariat 男士 Heritage 系带靴,鞋子,正式,480.62,74,4795,1,"百搭,透气,舒适"
1087,Ariat 男士 Heritage 西部 R 趾靴,鞋子,潮流,595.26,273,3890,1,"时尚,百搭,透气"
1088,Ariat 女式 Heritage 西部 R 趾靴,鞋子,森系,402.28,214,5240,1,"透气,舒适,百搭"
1089,Ariat 女式 Heritage 西部 R 趾靴,鞋子,森系,281.31,181,4963,1,"百搭,时尚,透气"
1090,Danskin 女式大码棉质七分裤打底裤,裤子,森系,218.19,136,7914,1,"修身,休闲,高腰"
1091,Rothco 林地迷彩套头连帽卫衣,上衣,复古,511.17,284,1536,1,"纯色,显瘦,宽松"
1092,特种兵类型体能训练运动裤-海洋标志,裤子,休闲,562.08,97,2446,1,"显瘦,休闲,高腰"
1093,Player's Edge 男士无袖压缩衬衫（L 码，海军蓝）,上衣,街头,145.15,149,2702,1,"宽松,纯色,显瘦"
1094,Player's Edge 短袖压缩衬衫 - 男式（M 码，红色）,上衣,简约,138.09,202,3093,1,"显瘦,百搭,宽松"
1095,Player's Edge 男士无袖压缩衬衫（XL 码，红色）,上衣,简约,553.04,39,468,1,"显瘦,宽松,百搭"
1096,Under Armour Cold Gear 假高领衫,上衣,正式,49.99,100,2573,1,"显瘦,纯色,百搭"
1097,Player's Edge 男士长袖压缩衬衫（L 码，白色）,上衣,森系,479.66,151,6361,1,"宽松,显瘦,百搭"
1098,Player's Edge 男士无袖压缩衬衫（L 码，白色）,上衣,森系,139.97,36,4235,1,"宽松,百搭,纯色"
1099,仿羊羔绒衬里拉链连帽运动衫,上衣,正式,38.34,229,4600,1,"纯色,显瘦,宽松"
1100,仿羊羔绒衬里拉链连帽运动衫,上衣,简约,38.98,242,1120,1,"纯色,宽松,百搭"
1101,仿羊羔绒衬里拉链连帽运动衫,上衣,街头,44.48,140,6132,1,"宽松,百搭,显瘦"
1102,仿羊羔绒衬里拉链连帽运动衫,上衣,潮流,37.99,296,180,1,"显瘦,百搭,宽松"
1103,Ariat 女式 Fatbaby II 靴子,鞋子,运动,122.11,265,1959,1,"透气,舒适,百搭"
1104,Ariat 女式 Fatbaby II 靴子,鞋子,复古,228.78,198,1286,1,"百搭,透气,舒适"
1105,超重量级粗壮法兰绒衬衫,上衣,街头,184.55,247,5988,1,"纯色,百搭,显瘦"
1106,蒸发冷却骷髅帽（1 帽）,配饰,森系,9.99,293,3447,1,"时尚,百搭,小众"
1107,正品 Pigment 1941 颜料染色棉质四四方方,上衣,运动,432.88,106,6721,1,"百搭,显瘦,宽松"
1108,Champion 男式反向编织&frac12;圆领运动衫 -1PK,上衣,简约,80.08,91,1680,1,"百搭,显瘦,纯色"
1109,Fruit Of The Loom 男童青少年 5 盎司，100% 重质棉 Hd&reg; T恤,上衣,运动,540.44,24,2388,1,"百搭,宽松,显瘦"
1110,Hanes 男女通用 Beefy-T 100% 棉长袖 T 恤,上衣,简约,484.83,12,2968,1,"纯色,显瘦,宽松"
1111,Fruit of the Loom 5.4 盎司棉质 T 恤,上衣,休闲,249.61,74,4188,1,"显瘦,纯色,宽松"
1112,Fruit Of The Loom 男式 5 盎司，100% 重质棉 Hd&reg;长袖 T 恤,上衣,正式,370.89,206,1224,1,"宽松,显瘦,纯色"
1113,正品颜料 11 盎司。颜料染色羊毛圆领衫 - POPPY - S 11 盎司。,上衣,运动,382.17,243,2363,1,"纯色,宽松,显瘦"
1114,Orvis 女式 Exofficio Give-n-go 女式旅行背心，黑色，中号,上衣,复古,28.0,24,5892,1,"宽松,显瘦,纯色"
1115,"Once A Marine, Always A Marine SEMPER FI 刺绣帽子，黑色",配饰,时尚,100.37,279,2690,1,"时尚,小众,精致"
1116,西雅图水手队 True Turf T 恤,上衣,休闲,501.66,206,5447,1,"纯色,显瘦,宽松"
1117,ASICS MCT Liner 跑步手套，黑色，小号/中号,配饰,正式,252.02,146,6474,1,"精致,时尚,小众"
1118,Columbia 女士 Wrangle Mountain 帽子,配饰,休闲,591.12,39,474,1,"百搭,精致,时尚"
1119,Eliminator 衬衫 小高领长袖 Forest XL,上衣,运动,50.7,167,1030,1,"宽松,纯色,百搭"
1120,COLUMBIA SONOMA 草帽 - 女式 - L/XL - 天然稻草色,配饰,正式,169.25,54,7143,1,"精致,时尚,小众"
1121,Columbia 男士 ROC 长裤,裤子,潮流,449.23,283,1370,1,"显瘦,高腰,修身"
1122,Columbia 男士 ROC 长裤,裤子,森系,577.05,279,6925,1,"显瘦,休闲,修身"
1123,Columbia 男士 ROC 长裤,裤子,休闲,392.54,248,1543,1,"高腰,修身,显瘦"
1124,旅行可水洗羊毛纯色平纹前裤（灰色，34 32 英寸内缝）,裤子,潮流,282.51,113,6979,1,"休闲,高腰,修身"
1125,Hanes Ultimate 棉质圆领成人运动衫,上衣,街头,234.58,245,7642,1,"百搭,纯色,宽松"
1126,8 盎司，50/50 NuBlend®抓绒圆领衫,上衣,森系,192.76,176,1175,1,"纯色,百搭,显瘦"
1127,8 盎司，50/50 NuBlend®抓绒圆领衫,上衣,森系,460.65,258,2515,1,"纯色,宽松,显瘦"
1128,Hanes Comfortblend 圆领运动衫 # P160,上衣,正式,463.76,201,7753,1,"百搭,显瘦,纯色"
1129,运动衫 8 盎司。 NuBlend 50/50 套头风帽,卫衣,复古,464.55,191,250,1,"保暖,休闲,潮流"
1130,Hanes Comfortblend 圆领运动衫 # P160,上衣,简约,597.9,72,6617,1,"显瘦,宽松,百搭"
1131,Port Authority 双面罗纹小高领毛衣 (K321) 共有 10 种颜色可供选择,外套,时尚,329.27,295,4072,1,"保暖,百搭,显瘦"
1132,运动衫 8 盎司。 NuBlend 50/50 套头风帽,卫衣,正式,255.39,120,2868,1,"休闲,潮流,宽松"
1133,Hanes Ultimate 棉质圆领成人运动衫,上衣,复古,595.13,162,5028,1,"纯色,百搭,显瘦"
1134,Port Authority 双面罗纹小高领毛衣 (K321) 共有 10 种颜色可供选择,外套,街头,461.41,66,899,1,"保暖,百搭,时尚"
1135,Hanes Comfortblend 圆领运动衫 # P160,上衣,时尚,521.38,82,1359,1,"宽松,显瘦,纯色"
1136,Port Authority 双面罗纹小高领毛衣 (K321) 共有 10 种颜色可供选择,外套,简约,534.41,168,7104,1,"时尚,保暖,显瘦"
1137,8 盎司，50/50 NuBlend®抓绒圆领衫,上衣,森系,388.85,140,2966,1,"纯色,百搭,宽松"
1138,Hanes Ultimate 棉质圆领成人运动衫,上衣,时尚,544.14,141,2529,1,"百搭,显瘦,纯色"
1139,港口及公司青年棉质 T 恤,上衣,简约,556.6,88,300,1,"百搭,宽松,显瘦"
1140,Hanes Comfortblend 圆领运动衫 # P160,上衣,街头,193.65,90,5143,1,"百搭,宽松,纯色"
1141,8 盎司，50/50 NuBlend®抓绒圆领衫,上衣,街头,146.28,121,148,1,"宽松,显瘦,纯色"
1142,Port Authority 双面罗纹小高领毛衣 (K321) 共有 10 种颜色可供选择,外套,潮流,442.01,131,3596,1,"时尚,显瘦,保暖"
1143,Port Authority Silk Touch 运动衫 (K500) 共有 27 种颜色可供选择,上衣,街头,486.53,115,2546,1,"纯色,显瘦,宽松"
1144,8 盎司，50/50 NuBlend®抓绒圆领衫,上衣,正式,381.63,258,6856,1,"纯色,宽松,百搭"
1145,Hanes Comfortblend 圆领运动衫 # P160,上衣,复古,236.55,145,1065,1,"纯色,百搭,宽松"
1146,Hanes Comfortblend 圆领运动衫 # P160,上衣,潮流,465.9,82,6463,1,"显瘦,百搭,宽松"
1147,港口及公司 SP10 长袖超值牛仔衬衫,上衣,复古,314.44,29,7617,1,"百搭,宽松,显瘦"
1148,青少年 7.8 盎司ComfortBlend®生态智能® 50/50 抓绒圆领毛衣,上衣,简约,415.77,189,6221,1,"纯色,宽松,百搭"
1149,Port Authority 双面罗纹小高领毛衣 (K321) 共有 10 种颜色可供选择,外套,简约,270.29,148,4228,1,"百搭,显瘦,时尚"
1150,Hanes Comfortblend 圆领运动衫 # P160,上衣,运动,289.78,290,4608,1,"纯色,百搭,宽松"
1151,Thorlo T-11 网球卷顶，最大程度的保护,上衣,潮流,348.41,103,3244,1,"宽松,显瘦,纯色"
1152,Danskin 女孩 2-6x 耐跑网状紧身衣，芭蕾粉色，S (4/6),裤子,正式,551.24,31,7476,1,"高腰,修身,休闲"
1153,Capezio 女孩 7-16 岁超软脚紧身衣,裤子,街头,183.4,215,4584,1,"高腰,修身,休闲"
1154,Capezio 女孩 7-16 岁超软脚紧身衣,裤子,休闲,72.82,260,4095,1,"高腰,显瘦,修身"
1155,Danskin 女孩 2-6 倍压缩超细纤维足部紧身衣,裤子,街头,515.6,258,1164,1,"休闲,高腰,显瘦"
1156,乔治亚斗牛犬队经典 Polo 衫,上衣,简约,265.86,78,6675,1,"纯色,百搭,宽松"
1157,爱荷华鹰眼队 Ambition T 恤 - XL 码,上衣,运动,214.29,93,6551,1,"纯色,宽松,显瘦"
1158,HUE 女式四分装带垫袜，6 件装,上衣,森系,15.0,136,193,1,"宽松,百搭,纯色"
1160,Tiger Claw 白色/黑色精英涤纶/棉长裤（仅限裤子）,裤子,复古,26.99,207,4356,1,"休闲,修身,显瘦"
1161,Underworks 男士压缩背心腰带衬衫 3 件装,上衣,休闲,63.18,252,5343,1,"百搭,纯色,显瘦"
1162,丹佛野马队正品 Coaches Sideline 家用帽子 - 6-7/8,配饰,时尚,475.59,176,287,1,"百搭,精致,小众"
1163,Rothco 海军陆战队“痛苦就是弱点”T 恤,上衣,休闲,75.47,28,2524,1,"宽松,纯色,百搭"
1164,黑色假高领衬衫,上衣,运动,168.81,246,5764,1,"百搭,宽松,显瘦"
1165,Rothco 海军陆战队“痛苦就是弱点”T 恤,上衣,时尚,189.62,171,6216,1,"宽松,百搭,显瘦"
1166,军用城市街头帽,配饰,简约,8.58,129,4520,1,"时尚,百搭,精致"
1167,Russell Athletic 女式基本款长裤，牛津，大号,裤子,森系,162.25,149,7516,1,"休闲,显瘦,修身"
1168,Russell Athletic 男式 Dri-Power 长袖 T 恤，红衣主教，小码,上衣,复古,217.15,277,1531,1,"显瘦,纯色,宽松"
1169,Russell Athletic 男士基本款棉质长袖 T 恤,上衣,休闲,249.24,64,6159,1,"显瘦,宽松,纯色"
1170,Russell Athletic 男士 Dri-Power 抓绒裤，黑色/灰石色，中号,裤子,街头,270.55,292,219,1,"修身,显瘦,休闲"
1171,Russell Athletic 男士基本款棉质长袖 T 恤,上衣,简约,446.82,10,7762,1,"纯色,显瘦,宽松"
1172,Russell Athletic 女式弹性裤，黑色/达科他蓝色，中号,裤子,正式,141.79,86,4826,1,"显瘦,休闲,高腰"
1173,Russell Athletic 男士基本款棉质长袖 T 恤,上衣,正式,149.55,127,7570,1,"宽松,显瘦,百搭"
1174,Russell Athletic 男士 Dri-Power 网状短裤，钢制，加大码,上衣,简约,521.65,138,6124,1,"百搭,显瘦,纯色"
1175,Russell Athletic 男士专业棉质肌肉，石墨，中号,上衣,正式,527.68,59,537,1,"宽松,纯色,百搭"
1176,Russell Athletic 男士专业棉质口袋 T 恤，海军蓝希瑟色，加大码,上衣,正式,156.42,56,5354,1,"纯色,宽松,百搭"
1177,Russell Athletic 男士专业棉质平纹针织长裤，石墨色，大码,裤子,休闲,328.66,146,4081,1,"显瘦,高腰,修身"
1178,拉塞尔运动女子尝试和True J​​acket，海军蓝/达科他蓝，大号,外套,街头,206.64,104,4884,1,"百搭,显瘦,保暖"
1179,Russell Athletic 男式 Dri-Power 网状短裤，钢质，大号,上衣,潮流,288.19,43,4054,1,"纯色,显瘦,宽松"
1180,Russell Athletic 男士 Dri-Power 连帽套头衫，白色/白色，大码,上衣,简约,266.63,52,5037,1,"纯色,显瘦,宽松"
1181,Billabong Juniors Walk Me Down 拉链连帽衫，灰黑色，大码,卫衣,时尚,168.73,261,3137,1,"潮流,宽松,保暖"
1182,Russell Athletic 女式锻炼必需品长裤，海军蓝，加大码,裤子,街头,180.79,168,4730,1,"高腰,休闲,显瘦"
1183,Russell Athletic 女式 Essential 圆领上衣，海军蓝，小号,上衣,运动,212.13,160,6976,1,"宽松,纯色,百搭"
1184,Russell Athletic 女式 V 型背心，白色，中号,上衣,简约,497.78,234,6527,1,"显瘦,宽松,纯色"
1185,Russell Athletic 女式锻炼必需品长裤，达科他蓝色，加大码,裤子,复古,446.96,291,4404,1,"修身,休闲,显瘦"
1186,Russell Athletic 女式锻炼必需品长裤，海军蓝，大码,裤子,复古,425.86,131,6376,1,"显瘦,修身,休闲"
1187,Russell Athletic 女式热身拉链兜帽，海军蓝，小号,卫衣,休闲,222.83,11,3098,1,"保暖,潮流,宽松"
1188,Russell Athletic 男士 NuBlend 圆领上衣，Bruin 金色，中号,上衣,运动,219.13,123,6734,1,"显瘦,纯色,宽松"
1189,Russell Athletic 男士 NuBlend 无口袋长裤,裤子,运动,223.3,70,3431,1,"休闲,显瘦,高腰"
1190,Russell Athletic 男士 Dri-Power 网状肌肉，红衣主教，小号,上衣,潮流,162.73,28,2507,1,"纯色,显瘦,宽松"
1191,Russell Athletic 男士 NuBlend 口袋裤，纯红色，小号,裤子,休闲,310.96,53,1192,1,"显瘦,休闲,修身"
1192,Russell Athletic 男士专业棉质 T 恤，突破蓝色，中号,上衣,运动,477.88,100,1690,1,"显瘦,宽松,百搭"
1193,Russell Athletic 男士 NuBlend 套头帽,卫衣,休闲,61.01,43,7529,1,"宽松,潮流,休闲"
1194,Columbia 男式 Bonehead 短袖钓鱼衬衫,上衣,街头,166.52,59,4153,1,"显瘦,百搭,纯色"
1195,Columbia 男式 Bonehead 短袖钓鱼衬衫,上衣,简约,376.87,18,2572,1,"百搭,纯色,显瘦"
1196,Columbia 男式 Bonehead 短袖钓鱼衬衫,上衣,简约,349.14,46,7947,1,"宽松,百搭,纯色"
1197,Columbia 男式 Bonehead 短袖钓鱼衬衫,上衣,复古,133.44,178,1567,1,"宽松,纯色,显瘦"
1198,Columbia 男式 Bonehead 短袖钓鱼衬衫,上衣,休闲,203.83,195,7819,1,"显瘦,百搭,宽松"
1199,Columbia 男式 Bonehead 短袖钓鱼衬衫,上衣,简约,219.39,50,1034,1,"显瘦,纯色,百搭"
1200,Columbia 男式 Bonehead 短袖钓鱼衬衫,上衣,森系,585.09,113,2812,1,"百搭,纯色,显瘦"
1201,Columbia 男式 Bonehead 短袖钓鱼衬衫,上衣,时尚,480.45,141,4522,1,"百搭,纯色,显瘦"
1202,Columbia 男式 Bonehead 短袖钓鱼衬衫,上衣,潮流,136.72,63,736,1,"百搭,纯色,显瘦"
1203,Columbia 男式 Bonehead 短袖钓鱼衬衫,上衣,时尚,223.55,73,2175,1,"纯色,百搭,显瘦"
1204,Columbia 男式 Bonehead 短袖钓鱼衬衫,上衣,街头,57.41,253,5956,1,"宽松,纯色,显瘦"
1205,Columbia 男式 Bonehead 短袖钓鱼衬衫,上衣,运动,158.58,27,5649,1,"纯色,宽松,显瘦"
1206,Columbia 男式 Bonehead 短袖钓鱼衬衫,上衣,街头,561.63,189,4929,1,"纯色,宽松,显瘦"
1207,帆布户外帽-石色,配饰,运动,20.99,159,5952,1,"小众,百搭,时尚"
1208,保龄球衬衫复古圆顶硬礼帽,上衣,时尚,562.17,44,5223,1,"显瘦,宽松,百搭"
1209,Lucky's Speed Shop 保龄球衬衫黑色和蓝色白色经典,上衣,时尚,212.55,178,4015,1,"宽松,显瘦,纯色"
1210,Brew Crew 保龄球衬衫 黑色 &amp; 蓝色白色经典款 - 5XL,上衣,复古,43.95,25,3722,1,"纯色,宽松,百搭"
1211,Wicked Wrench 保龄球衬衫白色 &amp;黑色经典,上衣,复古,19.95,16,1489,1,"纯色,宽松,百搭"
1212,Bowling For Jesus 保龄球衬衫黑色&amp;红色挥杆大师,上衣,街头,35.95,155,4288,1,"百搭,宽松,显瘦"
1213,钻石别针保龄球衬衫白色 &amp;黑色复古圆顶硬礼帽,上衣,简约,157.39,105,1533,1,"纯色,百搭,显瘦"
1214,Rat Pack 保龄球衬衫白色黑色复古圆顶硬礼帽,上衣,时尚,191.76,139,3821,1,"宽松,百搭,纯色"
1215,Route 66 Speedway 保龄球衬衫白色黑色复古圆顶硬礼帽,上衣,运动,517.56,244,4676,1,"显瘦,百搭,宽松"
1216,Ace High Plumbing 保龄球衬衫 黑色 &amp; 蓝色红色挥杆大师,上衣,街头,35.95,152,2477,1,"宽松,显瘦,纯色"
1217,Billabong 女孩 2-6X Wait For It 拉链连帽衫,卫衣,街头,25.17,202,7824,1,"休闲,宽松,保暖"
1218,Vegas Baby Vegas 保龄球衬衫 黑色 &amp; 黑色红色挥杆大师,上衣,简约,35.95,148,296,1,"百搭,纯色,宽松"
1219,Brooks 女式斯巴达长裤，黑色，中号,裤子,潮流,202.3,149,885,1,"高腰,休闲,显瘦"
1220,手工钩编毛线帽 (01)-白色 W16S28E,配饰,森系,4.9,254,7679,1,"精致,小众,时尚"
1221,男士白色棉质手套 - 12 只装 - 打价,配饰,街头,25.76,126,965,1,"时尚,百搭,精致"
1222,Columbia 男士 Peak Expedition 手套，沥青色，中号,配饰,简约,399.56,196,6581,1,"时尚,精致,小众"
1223,Columbia 男士 Siwwy 兔帽，黑色，小号,配饰,正式,364.51,217,6169,1,"小众,百搭,时尚"
1224,NFL 棕色 V 染 T 恤,上衣,正式,80.33,256,1622,1,"百搭,纯色,宽松"
1225,褶皱织物印花帽带 - W 花橙,配饰,街头,5.49,116,7278,1,"小众,百搭,时尚"
1226,Rasta 纯色无檐小便帽遮阳帽 (05)-橄榄色,配饰,复古,21.99,136,4248,1,"时尚,百搭,精致"
1227,长无檐小便帽-橄榄色,配饰,正式,426.81,100,4778,1,"时尚,精致,百搭"
1228,Rasta 纯色无檐小便帽遮阳帽 (04)-白色 W27S22D,配饰,简约,21.99,281,2423,1,"时尚,精致,百搭"
1229,Rothco 男士羊毛 V 领毛衣 -,外套,复古,136.43,157,6215,1,"显瘦,时尚,百搭"
1230,Under Armour 男士 UA 高性能 Polo 衫,上衣,街头,335.78,54,98,1,"显瘦,百搭,纯色"
1231,Under Armour 男士 UA 高性能 Polo 衫,上衣,运动,212.4,50,3309,1,"宽松,百搭,纯色"
1232,C-IN2 男士 Strong Arm 圆领 T 恤，灰色，中号,上衣,潮流,148.15,111,5501,1,"显瘦,宽松,纯色"
1233,Nautica 男士竞赛短袖圆领 T 恤，白色，中号,上衣,简约,585.71,34,2664,1,"宽松,纯色,百搭"
1234,Nautica 男士 V 领 T 恤，白色，小号，3 件装,上衣,休闲,594.63,253,1805,1,"宽松,显瘦,百搭"
1235,Columbia 男式 High ROC 多种穿法长裤 34 英寸内缝，泥炭色，大码,裤子,运动,224.27,196,4523,1,"休闲,修身,高腰"
1236,Columbia Sportswear 女式 Rail 罗纹背心，Seaspray，中号,上衣,街头,476.0,131,545,1,"纯色,宽松,百搭"
1237,Columbia Sportswear 女式 Bayview 衬衫，钱布雷布，加大码,上衣,正式,414.29,110,7795,1,"纯色,显瘦,宽松"
1238,Billabong Juniors Essential 拉链连帽衫,卫衣,运动,276.28,50,4081,1,"保暖,宽松,潮流"
1239,Columbia Sportswear 女式 Arch Cape 长裤常规款，黑色，X 小号,裤子,森系,360.31,210,6360,1,"休闲,修身,高腰"
1240,俄克拉荷马快艇队红色经典 Polo 衫 - 中号,上衣,森系,315.91,114,7529,1,"显瘦,纯色,百搭"
1241,Marmot Expedition 手套（黑色）- XL,配饰,运动,96.38,193,7591,1,"百搭,小众,精致"
1242,Marmot Expedition 手套和手套手套 SM 黑色,配饰,简约,235.32,29,1020,1,"百搭,小众,精致"
1243,匹兹堡钢人队丝绸领带 1,上衣,时尚,24.95,258,1192,1,"百搭,显瘦,宽松"
1244,丹佛野马队触地得分 T 恤 - XL 码,上衣,正式,455.07,269,6074,1,"纯色,显瘦,百搭"
1245,儿童合成前拉链围场靴黑色 2 (3016),鞋子,运动,127.27,230,1625,1,"透气,舒适,百搭"
1246,MAXIT 带马镫保暖连体衣,上衣,运动,60.0,286,853,1,"纯色,宽松,百搭"
1247,女式条纹棉质氨纶靴裤健身服,裤子,运动,53.18,279,6175,1,"高腰,修身,休闲"
1248,Fitness Wear 女式棉质氨纶靴裤，颜色可供选择,裤子,森系,19.95,173,4912,1,"休闲,高腰,修身"
1249,Columbia Sportswear 男式 Marquam Trail 短袖衬衫，石色，中号,上衣,正式,306.49,204,22,1,"纯色,宽松,百搭"
1250,Columbia 男式 ROC 长裤 30 英寸内缝，石色，尺码 33,裤子,森系,438.6,98,2715,1,"修身,高腰,休闲"
1251,Pitbull 男式双管休闲裤，颜色可供选择,裤子,正式,39.75,123,3022,1,"修身,休闲,显瘦"
1252,Pitbull 男士平纹针织布上衣，颜色可供选择,上衣,潮流,19.95,89,2151,1,"百搭,显瘦,纯色"
1253,Pitbull 男式罗纹健身背心，颜色可供选择,上衣,运动,233.42,206,5285,1,"百搭,纯色,宽松"
1254,Pitbull 男式罗纹健身背心，颜色可供选择,上衣,潮流,64.34,138,1879,1,"宽松,百搭,纯色"
1255,Pitbull 男式平纹针织健身裤，颜色可供选择,裤子,时尚,25.5,136,689,1,"休闲,显瘦,高腰"
1256,Pitbull 男式全剪裁背心，颜色可供选择,上衣,正式,64.66,221,2684,1,"显瘦,百搭,纯色"
1257,Columbia 男式 32 毫米油棕皮带带正绒面革衬垫镶嵌,配饰,复古,28.0,284,642,1,"小众,时尚,精致"
1258,Columbia 男士 32 毫米油棕危地马拉腰带,配饰,运动,22.4,105,7755,1,"百搭,小众,精致"
1259,Polo Ralph Lauren 经典版型双罗纹 Polo 衫，绿色石南花，L,上衣,森系,479.97,41,2007,1,"百搭,显瘦,宽松"
1260,5.11 CLS B POLO L/S 灰色 M,上衣,时尚,500.07,56,7268,1,"宽松,百搭,纯色"
1261,美国制造服装女式弹力棉质瑜伽裤 - 白色 8300 S,裤子,街头,548.34,241,1944,1,"休闲,修身,显瘦"
1262,脚花瓣鞋底塞黑色,上衣,休闲,79.0,109,3178,1,"宽松,百搭,显瘦"
1263,3 檐毛线帽 - 红色,配饰,运动,132.64,112,5801,1,"时尚,精致,百搭"
1264,Speedo 2 PC 上衣女,上衣,潮流,33.95,37,6778,1,"百搭,纯色,宽松"
1265,Wrangler 男式牛仔剪裁西部风格衬衫,上衣,简约,280.95,257,2838,1,"百搭,显瘦,纯色"
1266,Wrangler 男式牛仔剪裁西部风格衬衫,上衣,休闲,540.37,208,5106,1,"宽松,纯色,百搭"
1267,Wrangler 男式正品牛仔剪裁西部风格长袖衬衫,上衣,街头,554.75,200,2881,1,"纯色,百搭,宽松"
1268,Wrangler 男式正品牛仔剪裁西部风格长袖衬衫,上衣,简约,507.32,282,160,1,"百搭,宽松,显瘦"
1269,Calvin Klein 男童 2-7 岁幼儿圆领条纹 T 恤配短裤，什锦，4T,上衣,潮流,488.36,178,7660,1,"显瘦,百搭,纯色"
1270,The North Face Powerstretch 手套,配饰,时尚,464.84,120,5822,1,"时尚,百搭,小众"
1271,Mountain Horse 女士 Rimfrost Rider 围场靴 - 黑色 5,鞋子,街头,89.96,216,7532,1,"时尚,透气,百搭"
1272,Fruit Of The Loom 男女通用成人 5.6 盎司，50/50 BestTM 口袋 T 恤,上衣,休闲,374.21,30,1435,1,"纯色,宽松,百搭"
1273,Billabong 男士 Gone Fishing 圆袖 T 恤，黑色石南花，加大码,上衣,正式,579.73,151,3785,1,"纯色,宽松,百搭"
1274,Jerzees 男士 NuBlend 运动裤,裤子,正式,472.94,99,516,1,"显瘦,高腰,休闲"
1275,青少年 8 盎司，50/50 NuBlend®运动裤,裤子,时尚,499.43,139,3729,1,"高腰,修身,休闲"
1276,Russell Athletic 男士棉质肌肉衬衫,上衣,简约,421.65,54,677,1,"显瘦,百搭,纯色"
1277,Russell Athletic 男式 NuBlend 开底裤，带口袋，黑色，大码,裤子,森系,430.56,268,4092,1,"显瘦,修身,休闲"
1278,Russell Athletic 男士 Dri-Power 除臭肌肉衬衫，黑色，中号,上衣,潮流,287.23,293,3836,1,"百搭,宽松,显瘦"
1279,Russell Athletic 男士棉质肌肉衬衫,上衣,简约,536.28,296,7140,1,"百搭,纯色,显瘦"
1280,Russell Athletic 男士棉质肌肉衬衫,上衣,时尚,300.86,14,392,1,"百搭,宽松,纯色"
1281,Russell Athletic 男士棉质肌肉衬衫,上衣,街头,349.95,95,6175,1,"宽松,显瘦,百搭"
1282,Russell Athletic 男士基本款棉质背心,上衣,运动,532.76,285,2374,1,"显瘦,宽松,百搭"
1283,Russell Athletic 男式 NuBlend 高加长裤，牛津，大号,裤子,运动,450.07,44,6984,1,"修身,显瘦,高腰"
1284,Russell Athletic 男士棉质肌肉衬衫,上衣,潮流,187.86,164,1237,1,"显瘦,纯色,宽松"
1285,Russell Athletic 男士基本款棉质背心,上衣,运动,108.49,178,4994,1,"纯色,显瘦,宽松"
1286,Russell Athletic 男士棉质肌肉衬衫,上衣,正式,166.65,49,7571,1,"显瘦,宽松,纯色"
1287,Russell Athletic 男士棉质肌肉衬衫,上衣,时尚,203.02,87,4644,1,"宽松,纯色,显瘦"
1288,Russell Athletic 男士基本款棉质背心,上衣,森系,493.97,12,7128,1,"显瘦,纯色,百搭"
1289,Russell Athletic 男士棉质肌肉衬衫,上衣,时尚,197.31,13,662,1,"百搭,显瘦,纯色"
1290,Russell Athletic 男士棉质肌肉衬衫,上衣,街头,290.17,179,3066,1,"百搭,显瘦,纯色"
1291,Russell Athletic 男士基本款棉质背心,上衣,潮流,436.39,236,2519,1,"纯色,显瘦,百搭"
1292,Russell Athletic 男士 Dri-Power 网眼短裤，带口袋，钢制，加大号,上衣,运动,199.54,53,765,1,"显瘦,百搭,纯色"
1293,Russell Athletic 男士棉质肌肉衬衫,上衣,简约,557.85,256,4811,1,"百搭,显瘦,宽松"
1294,Russell Athletic 男士基本款棉质背心，海军蓝，XXX 大号,上衣,休闲,475.46,80,937,1,"宽松,百搭,显瘦"
1295,Russell Athletic 男士棉质肌肉衬衫,上衣,街头,382.03,80,6540,1,"显瘦,百搭,宽松"
1296,Russell Athletic 男士基本款棉质 T 恤,上衣,简约,301.55,280,4574,1,"显瘦,纯色,宽松"
1297,Russell Athletic 男士棉质肌肉衬衫,上衣,潮流,358.43,20,4405,1,"纯色,百搭,宽松"
1298,Russell Athletic 男士基本款棉质背心,上衣,正式,542.1,113,646,1,"显瘦,纯色,百搭"
1299,Russell Athletic 男士棉质肌肉衬衫,上衣,正式,503.87,79,5257,1,"纯色,宽松,百搭"
1300,Tommy Hilfiger 男士 1/4 上衣运动袜，白色，3 件装 10-13 岁,上衣,森系,89.11,64,900,1,"显瘦,纯色,宽松"
1301,Russell Athletic 男士基本款棉质背心，海军蓝，加大码,上衣,街头,204.87,249,2930,1,"百搭,宽松,纯色"
1302,Russell Athletic 男士基本款棉质背心，海军蓝，加大码,上衣,时尚,514.24,176,6081,1,"百搭,纯色,宽松"
1303,Russell Athletic 男士基本款棉质背心，海军蓝，大号,上衣,简约,275.97,237,3964,1,"百搭,宽松,纯色"
1304,Russell Athletic 男子大号和大号高款抓绒套穿裤,裤子,休闲,408.87,23,5109,1,"修身,高腰,显瘦"
1305,Ocean Pacific 男士 Larry 运动夹克，棕色，小号,外套,正式,243.59,231,6675,1,"百搭,显瘦,时尚"
1306,Russell Athletic 男子大号和大号高款抓绒套头连帽衫,卫衣,简约,584.82,65,5855,1,"保暖,休闲,宽松"
1307,Russell Athletic 男子大号和大号高款羊毛前拉链连帽衫,卫衣,正式,182.78,93,1326,1,"宽松,潮流,休闲"
1308,Russell Athletic 男子大号和大号高款抓绒套头连帽衫,卫衣,复古,514.94,162,1435,1,"保暖,潮流,休闲"
1309,Russell Athletic 男子大号和大号高款基本款短袖纯色圆领 T 恤,上衣,休闲,259.51,297,1789,1,"纯色,百搭,显瘦"
1310,Russell Athletic 男子大号和大号高款羊毛前拉链连帽衫,卫衣,潮流,552.69,58,1438,1,"保暖,休闲,宽松"
1311,Russell Athletic 男子大号和大号高款基本款圆领运动衫,上衣,复古,214.25,58,3550,1,"纯色,宽松,百搭"
1312,Russell Athletic 男子大号和大号高款基本款短袖纯色圆领 T 恤,上衣,简约,259.44,55,4775,1,"宽松,纯色,显瘦"
1313,Russell Athletic 男子大号和大号高款基本款短袖纯色圆领 T 恤,上衣,休闲,412.85,85,4530,1,"纯色,百搭,显瘦"
1314,Russell Athletic 男子大号和大号高款基本款短袖纯色圆领 T 恤,上衣,休闲,131.85,297,119,1,"纯色,百搭,显瘦"
1315,Russell Athletic 男子大号和大号高款羊毛前拉链连帽衫,卫衣,简约,393.75,254,2417,1,"宽松,休闲,潮流"
1316,Russell Athletic 男子大号和大号高款羊毛前拉链连帽衫,卫衣,街头,302.47,142,6579,1,"宽松,潮流,保暖"
1317,Russell Athletic 男子大号和大号高款基本款短袖口袋 T 恤,上衣,时尚,411.01,148,4225,1,"百搭,纯色,显瘦"
1318,Russell Athletic 男子大号和大号高款抓绒套头连帽衫,卫衣,街头,505.8,283,3760,1,"保暖,潮流,宽松"
1319,Russell Athletic 男子大号和大号高款基本款短袖口袋 T 恤,上衣,潮流,451.31,83,5142,1,"显瘦,纯色,宽松"
1320,Russell Athletic 男子大号和大号高款基本款圆领运动衫,上衣,潮流,232.88,95,982,1,"宽松,显瘦,百搭"
1321,Russell Athletic 男子大号和大号高款基本款短袖纯色圆领 T 恤,上衣,简约,344.77,256,121,1,"纯色,宽松,显瘦"
1322,Russell Athletic 男士圆领 T 恤（带胸袋），海军蓝，5XT,上衣,潮流,377.45,121,4406,1,"百搭,显瘦,纯色"
1323,Russell Athletic 男子大号和大号高款基本款短袖纯色圆领 T 恤,上衣,时尚,91.96,268,3346,1,"显瘦,百搭,纯色"
1324,Russell Athletic 男子大号和大号高款基本款短袖口袋 T 恤,上衣,运动,201.05,160,2638,1,"纯色,百搭,显瘦"
1325,Russell Athletic 男子大号和大号高款基本款短袖纯色圆领 T 恤,上衣,潮流,76.92,80,2782,1,"纯色,显瘦,宽松"
1326,Russell Athletic 男子大号和大号高款基本款短袖口袋 T 恤,上衣,休闲,412.91,273,5329,1,"百搭,显瘦,纯色"
1327,Russell Athletic 男子大号和大号高款基本款短袖纯色圆领 T 恤,上衣,森系,155.57,217,6304,1,"宽松,显瘦,百搭"
1328,Russell Athletic 男子大号和大号高款抓绒套头连帽衫,卫衣,街头,236.59,50,1841,1,"宽松,保暖,休闲"
1329,Russell Athletic 男子大号和大号高款基本款短袖口袋 T 恤,上衣,街头,395.77,205,4640,1,"百搭,显瘦,宽松"
1330,Russell Athletic 男子大号和大号高款羊毛前拉链连帽衫,卫衣,简约,576.22,235,6740,1,"保暖,宽松,休闲"
1331,Russell Athletic 男子大号和大号高款抓绒套头连帽衫,卫衣,正式,431.45,31,7557,1,"休闲,潮流,宽松"
1332,Russell Athletic 男子大号和大号高款基本款短袖纯色圆领 T 恤,上衣,街头,405.19,236,3525,1,"百搭,纯色,宽松"
1333,Russell Athletic 男子大号和大号高款羊毛前拉链连帽衫,卫衣,简约,578.34,252,6400,1,"休闲,保暖,潮流"
1334,Russell Athletic 男子大号和大号高款基本款短袖口袋 T 恤,上衣,潮流,67.68,283,3385,1,"显瘦,百搭,纯色"
1335,Russell Athletic 男子大号和大号高款抓绒套穿裤,裤子,运动,105.02,20,54,1,"显瘦,高腰,修身"
1336,Russell Athletic 男子大号和大号高款基本款短袖口袋 T 恤,上衣,正式,488.4,21,3414,1,"百搭,宽松,显瘦"
1337,Russell Athletic 男子大号和大号高款羊毛前拉链连帽衫,卫衣,森系,339.68,108,6997,1,"保暖,宽松,休闲"
1338,Russell Athletic 男子大号和大号高款基本款短袖口袋 T 恤,上衣,时尚,243.55,210,6878,1,"纯色,百搭,宽松"
1339,Russell Athletic 男子大号和大号高款基本款短袖口袋 T 恤,上衣,正式,454.43,139,4764,1,"纯色,宽松,百搭"
1340,Russell Athletic 男子大号和大号高款基本款短袖纯色圆领 T 恤,上衣,潮流,462.02,169,6234,1,"百搭,显瘦,宽松"
1341,Russell Athletic 男子大号和大号高款基本款短袖口袋 T 恤,上衣,复古,436.1,83,6140,1,"百搭,纯色,显瘦"
1342,Russell Athletic 男子大号和大号高款基本款短袖口袋 T 恤,上衣,正式,527.18,196,4580,1,"显瘦,纯色,百搭"
1343,Russell Athletic 男子大号和大号高款基本款短袖纯色圆领 T 恤,上衣,复古,188.12,100,4815,1,"宽松,纯色,显瘦"
1344,Russell Athletic 男士圆领 T 恤（带胸袋），白色，5XT,上衣,复古,17.99,201,7233,1,"百搭,显瘦,纯色"
1345,Russell Athletic 男子大号和大号高款基本款短袖口袋 T 恤,上衣,运动,73.11,226,2474,1,"纯色,宽松,百搭"
1346,Russell Athletic 男子大号和大号高筒 Dri-Power Performance 圆领 T 恤,上衣,时尚,389.19,238,805,1,"宽松,显瘦,百搭"
1347,Russell Athletic 男子大号和大号高款基本款短袖纯色圆领 T 恤,上衣,休闲,331.52,278,1426,1,"显瘦,纯色,百搭"
1348,Russell Athletic 男子大号和大号高筒 Dri-Power Performance 圆领 T 恤,上衣,简约,551.09,86,7209,1,"百搭,纯色,宽松"
1349,Russell Athletic 男子大号和大号高款基本款短袖口袋 T 恤,上衣,运动,555.56,81,551,1,"显瘦,宽松,纯色"
1350,Russell Athletic 男子大号和大号高筒 Dri-Power Performance 圆领 T 恤,上衣,复古,109.01,243,3844,1,"显瘦,百搭,宽松"
1351,Russell Athletic 男子大号和大号高款基本款短袖口袋 T 恤,上衣,正式,168.13,117,3278,1,"显瘦,百搭,宽松"
1352,Russell Athletic 男子大号和大号高款抓绒套头连帽衫,卫衣,潮流,195.97,179,1188,1,"休闲,宽松,保暖"
1353,Russell Athletic 男子大号和大号高款基本款短袖口袋 T 恤,上衣,简约,571.6,156,5405,1,"百搭,纯色,显瘦"
1354,Russell Athletic 男子大号和大号高款羊毛前拉链连帽衫,卫衣,休闲,481.53,189,3061,1,"宽松,潮流,保暖"
1355,Russell Athletic 男子大号和大号高款基本款短袖口袋 T 恤,上衣,复古,544.48,293,2363,1,"显瘦,宽松,纯色"
1356,Russell Athletic 男子大号和大号高款基本款短袖口袋 T 恤,上衣,森系,595.7,255,7588,1,"百搭,纯色,宽松"
1357,Russell Athletic 男子大号和大号高款基本款短袖口袋 T 恤,上衣,复古,349.12,201,7170,1,"显瘦,宽松,百搭"
1358,Russell Athletic 男子大号和大号高款基本款短袖口袋 T 恤,上衣,街头,538.2,184,7812,1,"宽松,显瘦,纯色"
1359,Russell Athletic 男子大号和大号高筒 Dri-Power Performance 圆领 T 恤,上衣,街头,146.49,289,5747,1,"显瘦,纯色,宽松"
1360,Russell Athletic 男子大号和大号高款基本款短袖纯色圆领 T 恤,上衣,复古,340.25,118,5393,1,"显瘦,百搭,宽松"
1361,Russell Athletic 男子大号和大号高款基本款短袖口袋 T 恤,上衣,休闲,261.14,62,403,1,"显瘦,宽松,纯色"
1362,Russell Athletic 男子大号和大号高款基本款短袖纯色圆领 T 恤,上衣,休闲,338.06,167,2282,1,"百搭,纯色,宽松"
1363,Russell Athletic 男子大号和大号高款基本款短袖纯色圆领 T 恤,上衣,时尚,486.53,164,2581,1,"宽松,百搭,纯色"
1364,Russell Athletic 男子大号和大号高筒 Dri-Power Performance 圆领 T 恤,上衣,正式,299.39,154,5769,1,"纯色,百搭,宽松"
1365,Russell Athletic 男子大号和大号高款基本款短袖口袋 T 恤,上衣,街头,405.75,205,6164,1,"百搭,宽松,纯色"
1366,Russell Athletic 男子大号和大号高款基本款短袖口袋 T 恤,上衣,时尚,417.22,17,5804,1,"纯色,百搭,显瘦"
1367,Russell Athletic 男子大号和大号高款基本款短袖口袋 T 恤,上衣,街头,388.34,36,4381,1,"宽松,百搭,纯色"
1368,Russell Athletic 男子大号和大号高款基本款短袖口袋 T 恤,上衣,街头,512.5,252,1757,1,"显瘦,纯色,百搭"
1369,男女通用印第安裹身裤 - 红色 -L,裤子,运动,488.0,53,755,1,"修身,休闲,高腰"
1370,男女通用印第安裹身裤 - 黑红/绿,裤子,街头,45.0,169,6682,1,"修身,高腰,显瘦"
1371,男士橄榄色 V 领衬衫,上衣,运动,145.22,15,4853,1,"百搭,纯色,宽松"
1372,Jerzees 男女通用成人 5 盎司。 Hidensi-T®无袖 T 恤,上衣,街头,546.24,105,2313,1,"显瘦,纯色,百搭"
1373,Jerzees-50/50 T 恤~网络粉色~成人-3X,上衣,街头,9.68,116,6475,1,"显瘦,纯色,百搭"
1374,5.6 盎司50/50 带 SpotShieldTM 平纹针织口袋 Polo 衫,上衣,正式,188.94,187,3695,1,"纯色,显瘦,宽松"
1375,Jerzees SpotShield 50/50 平纹针织运动衫,上衣,街头,73.0,145,1073,1,"显瘦,百搭,纯色"
1376,Tommy Hilfiger 女式 CoolMax 1/4 上衣袜子，白色，2 件装,上衣,潮流,76.21,221,1047,1,"宽松,显瘦,百搭"
1377,男式 5.2 盎司 Hanes STEDMAN 混纺针织衫 Polo Ash S 男式 5.2 盎司 Hanes STEDMAN,上衣,正式,272.36,66,3734,1,"百搭,宽松,纯色"
1378,男士 7 盎司 Hanes STEDMAN 棉质珠地布 Polo Ash S 男士 7 盎司 Hanes STEDMAN,上衣,复古,350.68,211,6079,1,"显瘦,百搭,宽松"
1379,GILDAN Polo 衫 8900 GD Polo 黑色 2XL,上衣,休闲,149.08,36,718,1,"显瘦,百搭,宽松"
1380,King For A Day Crown - 生日和特别庆祝活动的乐趣！,配饰,休闲,11.95,101,2981,1,"精致,百搭,小众"
1381,霍格沃茨围巾和帽子,配饰,休闲,24.95,27,4157,1,"百搭,时尚,小众"
1382,Hanes 5.2 盎司青年款 COMFORTSOFT HEAVYWEIGHT T 恤灰 XS Hanes 5.2 盎司青年款,上衣,潮流,428.45,254,5125,1,"百搭,显瘦,宽松"
1383,民族毡帽,配饰,时尚,12.95,132,6513,1,"小众,精致,时尚"
1384,Russell Athletic 女式心肌训练器，白色，大号,上衣,复古,390.36,296,3329,1,"纯色,宽松,百搭"
1385,Hot Sox 女式 Yoga Om 长裤袜，多件，3 件装,裤子,休闲,75.87,29,4686,1,"修身,显瘦,休闲"
1386,Russell Athletic 男士棉质高性能背心，黑色，中号,上衣,潮流,158.42,42,5410,1,"宽松,纯色,百搭"
1387,切刀&amp; Buck 男士短袖锦标赛珠地网 Polo 衫,上衣,森系,439.37,195,4493,1,"显瘦,百搭,纯色"
1388,切刀&amp; Buck 女式长袖 Aurora 运动套头衫，白色，中号,外套,简约,140.25,40,6834,1,"显瘦,保暖,时尚"
1389,Marmot PreCip 夹克 - 男童,外套,运动,588.28,107,5783,1,"百搭,显瘦,时尚"
1390,切刀&amp; Buck 女式短袖高科技弹力半身裤，黑色，X 小号,上衣,运动,173.45,41,4180,1,"百搭,纯色,宽松"
1391,Russell Athletic 男子大号和大号高筒平纹针织裤，海军蓝，5XL 大号-高,裤子,简约,579.41,47,1227,1,"休闲,显瘦,高腰"
1392,全新袖口象牙白热销无檐小便帽遮阳帽骷髅帽棒球帽仅限美国,配饰,正式,4.41,49,4921,1,"百搭,精致,时尚"
1393,芝加哥小熊队皇家蓝色库珀斯敦 T 恤（成人 XXL 码）,上衣,街头,435.12,218,2122,1,"宽松,显瘦,纯色"
1394,（成人加大号）,外套,运动,115.11,221,3057,1,"显瘦,时尚,保暖"
1395,新款袖口浅粉色无檐小便帽遮阳帽骷髅帽,配饰,复古,3.45,150,3133,1,"小众,时尚,精致"
1396,Heavy BlendTM 8 盎司，50/50 运动裤,裤子,简约,293.79,133,1284,1,"显瘦,修身,高腰"
1397,全新无袖 FOREVER 21 女式黑色无檐小便帽遮阳帽骷髅帽美国,配饰,运动,2.99,41,1349,1,"小众,百搭,精致"
1398,飞行员粗花呢 Trapper Trooper 冬季帽子 - 棕色,配饰,运动,300.35,11,5736,1,"时尚,百搭,小众"
1399,JanSport Air Vital Street Tech 背包,外套,复古,424.98,233,3043,1,"百搭,时尚,保暖"
1400,阿迪达斯 SUPERSTAR 2G 14.5,上衣,复古,386.02,88,6678,1,"纯色,宽松,百搭"
1401,犹他州尤特斯 2005 年嘉年华碗镶边帽子,配饰,简约,517.08,115,2543,1,"百搭,精致,小众"
1402,德克萨斯 A&M Aggies 棒球场 T 恤,上衣,正式,414.73,45,5731,1,"宽松,百搭,显瘦"
1403,Star Line Baton 脚背旋转鞋 - 棕褐色,鞋子,时尚,362.45,13,7354,1,"百搭,透气,舒适"
1404,Luvable Friends 3 条装训练裤,裤子,正式,11.48,53,4319,1,"高腰,休闲,修身"
1405,Luvable Friends 3 条装训练裤,裤子,时尚,11.48,275,6520,1,"高腰,休闲,显瘦"
1406,Sister Strikers 保龄球衬衫绿松石色和蓝色黑色经典,上衣,复古,344.55,104,1696,1,"纯色,百搭,显瘦"
1407,Queenpins 保龄球衬衫绿松石色和蓝色黑色 Loungemaster - 3XL,上衣,简约,386.66,175,5421,1,"宽松,显瘦,纯色"
1408,Tiki Tiki Lounge 保龄球衬衫 黑色 &amp; 黑色橙色 Swingmaster - 3XL,上衣,街头,335.66,30,1807,1,"显瘦,纯色,宽松"
1409,Kingpins 保龄球衬衫绿松石色和蓝色黑色 Loungemaster - 3XL,上衣,休闲,249.13,107,1643,1,"宽松,纯色,百搭"
1410,飞行员俱乐部保龄球衬衫 黑色 &amp; 蓝色灰色 Swingmaster - 3XL,上衣,街头,267.66,72,7213,1,"纯色,显瘦,宽松"
1411,MAXIT Bodygear 短袖衬衫,上衣,简约,10.99,204,2234,1,"显瘦,宽松,纯色"
1412,雷朋 顶条太阳镜带偏光镜片 - RB3179 颜色 004/82 尺寸 63/15,上衣,潮流,336.79,259,854,1,"宽松,百搭,纯色"
1413,官方* Nypd 可调节帽,配饰,森系,11.29,206,201,1,"百搭,精致,小众"
1414,Champion 插肩棒球球衣 T 恤 - T 恤,上衣,潮流,285.84,138,1494,1,"纯色,宽松,百搭"
1415,皮马皮克长袖 Polo 衫,上衣,时尚,298.13,193,4791,1,"显瘦,百搭,宽松"
1416,G182 吉尔丹 7.75 盎司重混纺 50/50 运动裤 - 运动灰 L [服装] 18200,裤子,复古,27.98,52,7604,1,"显瘦,高腰,修身"
1417,阿迪达斯 (adidas) 男式 Early AM 短袖 ClimaLite 圆领衫，冰灰色/黑色，中号,上衣,复古,403.4,246,6185,1,"百搭,显瘦,纯色"
1418,阿迪达斯男式 100G 长裤，黑色/白色，中号,裤子,复古,199.05,19,3621,1,"显瘦,休闲,高腰"
1419,阿迪达斯男式 3 条纹长裤,裤子,森系,251.36,149,6526,1,"修身,休闲,高腰"
1420,阿迪达斯男式 100G 长裤，黑色/白色，大码,裤子,运动,499.47,250,6317,1,"高腰,修身,休闲"
1421,阿迪达斯男式 3 条纹长裤,裤子,休闲,469.97,98,2005,1,"高腰,修身,显瘦"
1422,阿迪达斯男式 adi Heritage 网眼衬里长裤 III，黑色/白色，大码,裤子,时尚,365.33,149,6346,1,"休闲,显瘦,高腰"
1423,阿迪达斯男式 3 条纹长裤,裤子,复古,298.81,295,7568,1,"修身,高腰,休闲"
1424,阿迪达斯男式 100G 长裤，黑色/白色，加大码,裤子,简约,497.95,172,4645,1,"高腰,显瘦,休闲"
1425,阿迪达斯男式 3 条纹长裤,裤子,复古,55.19,26,5699,1,"显瘦,休闲,修身"
1426,阿迪达斯男式 3 条纹长裤,裤子,正式,346.68,161,960,1,"高腰,休闲,修身"
1427,阿迪达斯男童 8-20 青年三条纹长裤，黑色/白色，大码,裤子,正式,591.73,65,6272,1,"休闲,显瘦,修身"
1428,女士低腰折叠瑜伽裤 - 美国制造,裤子,运动,24.99,92,2030,1,"显瘦,高腰,休闲"
1429,棒球 T 恤 - 纽约大都会队青少年黑色叠层 T 恤（成人大号）,上衣,简约,56.15,231,7282,1,"显瘦,纯色,百搭"
1430,David Leadbetter 平纹高性能高尔夫球裤（黑色，36 29 英寸内缝）,裤子,潮流,191.62,268,3128,1,"显瘦,修身,休闲"
1431,切刀&amp; Buck 女式 Devon 半身裙，锡色希瑟色，8 码,裙子,复古,433.43,18,4595,1,"优雅,显瘦,甜美"
1432,阿迪达斯女式三条纹长裤,裤子,休闲,449.9,135,5733,1,"休闲,显瘦,修身"
1433,阿迪达斯女式 ClimaLite？ Mercury Crest T 恤，白色/热珊瑚色，加大码,上衣,时尚,417.11,17,2129,1,"宽松,纯色,百搭"
1434,阿迪达斯女式三条纹长裤,裤子,潮流,556.52,86,47,1,"修身,休闲,高腰"
1435,阿迪达斯女式 100G 裤子（深海军蓝、白色、中号）,裤子,简约,455.63,132,2071,1,"高腰,休闲,修身"
1436,阿迪达斯女式 100G 裤子（黑色、白色、XL 码）,裤子,街头,162.23,215,7362,1,"显瘦,休闲,高腰"
1437,阿迪达斯女式三条纹长裤,裤子,时尚,252.35,277,6173,1,"显瘦,高腰,休闲"
1438,港口及Company 假高领毛衣 - PC61M,外套,运动,188.49,44,4284,1,"时尚,百搭,显瘦"
1439,JERZEES SUPER SWEATS 1/4 军校领拉链运动衫,上衣,街头,191.09,187,268,1,"纯色,显瘦,宽松"
1440,港口及Company 假高领毛衣 - PC61M,外套,复古,418.52,69,7538,1,"显瘦,时尚,百搭"
1441,Jerzees 8 盎司运动裤 (973M) 无口袋 10 种颜色可供选择 - 桦木 973M M,裤子,复古,28.3,76,4954,1,"修身,高腰,休闲"
1442,港口及Company 假高领毛衣 - PC61M,外套,简约,252.57,55,5153,1,"保暖,显瘦,时尚"
1443,Jerzees 9 盎司带口袋运动裤 (4850MP) 超级运动裤，有 8 种颜色可供选择,裤子,简约,361.38,10,6785,1,"休闲,显瘦,修身"
1444,Jerzees 9 盎司带口袋运动裤 (4850MP) 超级运动裤，有 8 种颜色可供选择,裤子,时尚,230.16,296,1646,1,"休闲,高腰,修身"
1445,6.1 盎司重量级棉质平纹针织 Polo 衫,上衣,运动,296.89,166,7169,1,"纯色,显瘦,百搭"
1446,Jerzees 9 盎司带口袋运动裤 (4850MP) 超级运动裤，有 8 种颜色可供选择,裤子,时尚,247.53,294,6263,1,"显瘦,高腰,修身"
1447,Jerzees 8 盎司运动裤 (973M) 无口袋 10 种颜色可供选择 - 桦木 973M L,裤子,街头,329.12,61,1570,1,"休闲,高腰,显瘦"
1448,5.6 盎司重量级 BlendTMJersey Polo 衫,上衣,复古,100.41,275,6214,1,"宽松,显瘦,纯色"
1449,5.6 盎司重量级 BlendTMJersey Polo 衫,上衣,正式,54.96,153,950,1,"宽松,显瘦,纯色"
1450,8 盎司，50/50 NuBlend®抓绒运动裤,裤子,运动,238.52,47,3638,1,"休闲,显瘦,高腰"
1451,阿迪达斯女式 Climalite 隐形前拉链长裤，黑色/冰蓝色，中号,裤子,时尚,565.68,171,3304,1,"休闲,高腰,修身"
1452,阿迪达斯女式 Climalite 隐形前拉链长裤，黑色/冰蓝色，加大码,裤子,潮流,329.7,182,6168,1,"休闲,显瘦,修身"
1453,豪华黑POLICE”低调徽章棒球帽 - 帽子”,配饰,街头,10.72,296,4598,1,"小众,百搭,精致"
1454,豪华黑色海军陆战队 USMC G&A”低调徽章棒球帽 - 帽子”,配饰,潮流,14.03,144,1471,1,"时尚,小众,百搭"
1455,Carhartt 男士中量级圆领运动衫,上衣,复古,583.27,182,6692,1,"百搭,纯色,宽松"
1456,Carhartt 男士中量级连帽前拉链运动衫,上衣,正式,266.73,273,873,1,"纯色,宽松,显瘦"
1457,Carhartt 男士中量级连帽前拉链运动衫,上衣,森系,460.52,72,5820,1,"百搭,纯色,宽松"
1458,Code Four Athletics 'Titan' 足球热身裤,裤子,复古,22.0,150,5331,1,"高腰,休闲,修身"
1459,Code Four Athletics 'Titan' 足球热身夹克,外套,正式,26.0,291,7625,1,"百搭,保暖,时尚"
1460,弹力无缝吊带背心上衣,上衣,运动,527.68,282,954,1,"百搭,纯色,显瘦"
1461,棒球 T 恤 - 匹兹堡海盗队 #38 Jason Bay T 恤（成人 XL 码）,上衣,简约,365.0,41,6734,1,"纯色,显瘦,百搭"
1462,棒球运动衫 - 纽约大都会队橙色运动衫（成人大号）,上衣,简约,497.09,234,4725,1,"显瘦,百搭,宽松"
1463,Axcelerate 女式无缝吊带背心，黑色，大号,上衣,运动,310.11,149,573,1,"显瘦,纯色,宽松"
1464,In Touch 女式背心，颜色可供选择,上衣,运动,17.95,184,152,1,"显瘦,宽松,百搭"
1465,带内置文胸的吊带背心,上衣,街头,17.5,52,3052,1,"纯色,显瘦,宽松"
1466,100% 羊驼毛帽子，“Tan Mountain Roads”,配饰,简约,31.49,168,6956,1,"精致,百搭,小众"
1467,Fruit of the Loom 重量级圆领毛衣 - 白色 - XL 号,上衣,时尚,469.46,172,1504,1,"宽松,显瘦,百搭"
1468,Badger 7618 超细纤维风衣,上衣,潮流,352.58,165,3995,1,"纯色,百搭,显瘦"
1469,Badger 7618 超细纤维风衣,上衣,复古,415.43,210,5640,1,"宽松,百搭,纯色"
1470,Hanes 7.8 盎司 COMFORTBLEND 抓绒套头连帽衫 Ash S Hanes 7.8 盎司,卫衣,复古,276.02,212,4659,1,"潮流,宽松,休闲"
1471,Anvil 男式重量级短袖亨利 T 恤，自然色，加大码,上衣,街头,149.33,283,7939,1,"纯色,百搭,显瘦"
1472,Anvil 男式重量级短袖亨利 T 恤 - 海军蓝 - 加大码,上衣,复古,447.04,234,7546,1,"显瘦,宽松,纯色"
1473,Fruit Of The Loom 男女通用成人 5 盎司，100% 重质棉 Hd®口袋 T 恤,上衣,简约,394.12,240,4935,1,"百搭,纯色,显瘦"
1474,Hanes Ultimate 棉质抓绒全拉链成人连帽衫,卫衣,潮流,200.36,172,6478,1,"宽松,保暖,潮流"
1475,Fruit of the Loom 5.4 盎司棉质 T 恤,上衣,时尚,84.04,282,4170,1,"宽松,纯色,显瘦"
1476,正品 Pigment 1940 颜料染色全拉链兜帽,卫衣,简约,377.08,27,7335,1,"宽松,保暖,潮流"
1477,Fruit Of The Loom 男女通用成人 5.6 盎司，50/50 BestTM 长袖 T 恤,上衣,森系,453.92,127,5484,1,"百搭,显瘦,宽松"
1478,Anvil 976 100% 棉成人短袖 T 恤,上衣,森系,511.09,255,7042,1,"百搭,显瘦,宽松"
1479,Jerzees 437ML 50/50 L 袖平纹针织 Polo 衫（带 SpotShield）,上衣,运动,117.52,55,1415,1,"纯色,百搭,显瘦"
1480,Badger B8529 双面网状背心,上衣,森系,320.38,188,2526,1,"宽松,显瘦,百搭"
1481,Jerzees 437ML 50/50 L 袖平纹针织 Polo 衫（带 SpotShield）,上衣,时尚,337.73,69,5461,1,"宽松,显瘦,百搭"
1482,5.6 盎司50/50 平纹针织 Polo 衫，带 SpotShieldTM,上衣,运动,154.61,174,4078,1,"宽松,显瘦,百搭"
1483,Fruit Of The Loom 男女通用成人 5.6 盎司，50/50 BestTM 长袖 T 恤,上衣,正式,394.34,294,5464,1,"纯色,宽松,显瘦"
1484,青少年 5.6 盎司50/50 平纹针织 Polo 衫，带 SpotShieldTM,上衣,复古,421.85,222,2671,1,"纯色,百搭,显瘦"
1485,5.6 盎司50/50 平纹针织 Polo 衫，带 SpotShieldTM,上衣,潮流,442.26,127,5135,1,"纯色,百搭,显瘦"
1486,Fruit Of The Loom 男女通用成人 5.6 盎司，50/50 BestTM 长袖 T 恤,上衣,简约,573.58,181,836,1,"显瘦,纯色,宽松"
1487,Hanes 7.8 盎司 COMFORTBLEND 抓绒套头连帽衫 Ash S Hanes 7.8 盎司,卫衣,潮流,381.95,239,4300,1,"潮流,保暖,休闲"
1488,Hanes Ultimate 棉质抓绒全拉链成人连帽衫,卫衣,森系,127.59,152,732,1,"潮流,宽松,休闲"
1489,Champion 男式反向编织&frac12;套头连帽衫-1PK,卫衣,休闲,409.04,259,4909,1,"休闲,宽松,潮流"
1490,Bella + 帆布女式 2X1 罗纹背心,上衣,复古,500.0,15,3961,1,"宽松,显瘦,纯色"
1491,Fruit of the Loom 5.4 盎司棉质 T 恤,上衣,街头,544.43,137,2566,1,"显瘦,百搭,纯色"
1492,Champion T2102 棉质传统平纹针织 T 恤,上衣,运动,546.66,157,3486,1,"百搭,纯色,显瘦"
1493,Fruit Of The Loom 男女通用成人 5.6 盎司，50/50 BestTM 口袋 T 恤,上衣,潮流,358.67,245,2489,1,"纯色,百搭,显瘦"
1494,Hanes 女式休闲平纹针织 T 恤 5.2 盎司卡罗来纳蓝 M,上衣,潮流,268.28,166,2433,1,"显瘦,宽松,百搭"
1495,男士 5.2 盎司 Hanes COMFORTSOFT 重型 T 恤 Ash S 男士 5.2 盎司 Hanes,上衣,运动,304.24,30,2856,1,"宽松,显瘦,百搭"
1496,Bella 女式婴儿罗纹 3/4 袖撞色插肩 T 恤,上衣,运动,208.24,111,6846,1,"百搭,显瘦,纯色"
1497,女士低腰棉质莱卡折叠瑜伽裤，大码海军蓝色,裤子,潮流,24.99,175,4265,1,"显瘦,高腰,休闲"
1498,男士 5.2 盎司 Hanes COMFORTSOFT 重型 T 恤 Ash S 男士 5.2 盎司 Hanes,上衣,简约,243.77,204,5846,1,"百搭,显瘦,宽松"
1499,5.6 盎司50/50 平纹针织 Polo 衫，带 SpotShieldTM,上衣,时尚,467.08,258,4392,1,"纯色,显瘦,百搭"
1500,Bella 女式 1x1 罗纹背心,上衣,街头,378.75,141,4636,1,"百搭,显瘦,纯色"
